{
  "interactionModel": {
    "languageModel": {
      "invocationName": "inzamam malik",
      "intents": [
        {
          "name": "AMAZON.CancelIntent",
          "samples": []
        },
        {
          "name": "AMAZON.HelpIntent",
          "samples": []
        },
        {
          "name": "AMAZON.StopIntent",
          "samples": []
        },
        {
          "name": "nameIntent",
          "slots": [],
          "samples": [
            "your good name please",
            "can I have your name",
            "what is your name"
          ]
        },
        {
          "name": "AMAZON.NavigateHomeIntent",
          "samples": []
        },
        {
          "name": "AMAZON.FallbackIntent",
          "samples": []
        },
        {
          "name": "workExperiance",
          "slots": [],
          "samples": [
            "tell me about your working experience ",
            "how much experience do you have",
            "what do you do",
            "how long are you in chatbots",
            "what is your working experience "
          ]
        },
        {
          "name": "weatherIntent",
          "slots": [
            {
              "name": "cityName",
              "type": "AMAZON.City",
              "samples": [
                "{cityName}",
                "give me weather of {cityName}",
                "I live in {cityName}",
                "my city name is {cityName}"
              ]
            }
          ],
          "samples": [
            "what\u0027s the temprature in {cityName}",
            "weather updates for {cityName}",
            "what\u0027s the weather of {cityName}",
            "what\u0027s the temperature ",
            "weather update",
            "what\u0027s the weather"
          ]
        }
      ],
      "types": []
    },
    "dialog": {
      "intents": [
        {
          "name": "weatherIntent",
          "confirmationRequired": false,
          "prompts": {},
          "slots": [
            {
              "name": "cityName",
              "type": "AMAZON.City",
              "elicitationRequired": true,
              "confirmationRequired": false,
              "prompts": {
                "elicitation": "Elicit.Slot.898829544091.1553329670468"
              }
            }
          ]
        }
      ],
      "delegationStrategy": "ALWAYS"
    },
    "prompts": [
      {
        "id": "Elicit.Slot.898829544091.1553329670468",
        "variations": [
          {
            "type": "PlainText",
            "value": "you want weather for what city"
          },
          {
            "type": "PlainText",
            "value": "where do you live"
          },
          {
            "type": "PlainText",
            "value": "please tell me your city name"
          },
          {
            "type": "PlainText",
            "value": "tell me your city name"
          },
          {
            "type": "PlainText",
            "value": "what is your city name"
          }
        ]
      }
    ]
  },
  "version": "4"
}